{"train/loss": 1.8596, "train/learning_rate": 1.0256410256410256e-05, "train/epoch": 0.99, "train/global_step": 39, "_timestamp": 1700500324.0280752, "_runtime": 864.5624811649323, "_step": 29, "eval/loss": 1.8408108949661255, "eval/runtime": 3.0363, "eval/samples_per_second": 2.635, "eval/steps_per_second": 0.329, "train/train_runtime": 414.8213, "train/train_samples_per_second": 0.381, "train/train_steps_per_second": 0.094, "train/total_flos": 1.267384216190976e+16, "train/train_loss": 1.8804718042031312, "_wandb": {"runtime": 418}}