{"train/loss": 1.8587, "train/learning_rate": 1.0256410256410256e-05, "train/epoch": 0.99, "train/global_step": 39, "_timestamp": 1701102680.111723, "_runtime": 458.8427698612213, "_step": 29, "eval/loss": 1.8419686555862427, "eval/runtime": 3.4075, "eval/samples_per_second": 2.348, "eval/steps_per_second": 0.293, "train/train_runtime": 455.36, "train/train_samples_per_second": 0.347, "train/train_steps_per_second": 0.086, "train/total_flos": 1.267384216190976e+16, "train/train_loss": 1.880163706265963, "_wandb": {"runtime": 520}}